{
	"textures": {
		"particle": "block/cobblestone",
		"trim": "block/stone"
	},
	"elements": [
		{
			"name": "headstone_topper",
			"from": [-1, 18, 12],
			"to": [17, 21, 14],
			"faces": {
				"north": {"uv": [0, 0, 16, 3], "texture": "#trim"},
				"east": {"uv": [0, 0, 2, 3], "texture": "#trim"},
				"south": {"uv": [0, 0, 16, 3], "texture": "#trim"},
				"west": {"uv": [0, 0, 2, 3], "texture": "#trim"},
				"up": {"uv": [0, 0, 16, 2], "texture": "#trim"},
				"down": {"uv": [0, 0, 16, 2], "texture": "#trim"}
			}
		},
		{
			"name": "vertical_beam_lower",
			"from": [6, 0, 12],
			"to": [10, 18, 14],
			"faces": {
				"north": {"uv": [0, 0, 3, 16], "texture": "#trim"},
				"east": {"uv": [0, 0, 2, 16], "texture": "#trim"},
				"south": {"uv": [0, 0, 4, 16], "texture": "#trim"},
				"west": {"uv": [0, 0, 2, 16], "texture": "#trim"},
				"up": {"uv": [0, 0, 1, 2], "texture": "#trim"},
				"down": {"uv": [0, 0, 1, 2], "texture": "#trim"}
			}
		},
		{
			"name": "vertical_beam_upper",
			"from": [6, 21, 12],
			"to": [10, 28, 14],
			"faces": {
				"north": {"uv": [0, 0, 4, 7], "texture": "#trim"},
				"east": {"uv": [0, 0, 2, 16], "texture": "#trim"},
				"south": {"uv": [0, 0, 1, 16], "texture": "#trim"},
				"west": {"uv": [0, 0, 2, 16], "texture": "#trim"},
				"up": {"uv": [0, 0, 4, 2], "texture": "#trim"},
				"down": {"uv": [0, 0, 1, 2], "texture": "#trim"}
			}
		},
		{
			"name": "plaque",
			"from": [2, -0.46447, 6.46447],
			"to": [14, 0.53553, 15.46447],
			"rotation": {"angle": -45, "axis": "x", "origin": [7, 0, 5]},
			"faces": {
				"north": {"uv": [0, 0, 12, 1], "texture": "#trim"},
				"east": {"uv": [0, 0, 9, 1], "texture": "#trim"},
				"south": {"uv": [0, 0, 12, 1], "texture": "#trim"},
				"west": {"uv": [0, 0, 9, 1], "texture": "#trim"},
				"up": {"uv": [0, 0, 12, 9], "texture": "#trim"},
				"down": {"uv": [0, 0, 12, 9], "texture": "#trim"}
			}
		}
	]
}
