{
	"credit": "Made with Blockbench",
	"texture_size": [32, 32],
	"textures": {
		"particle": "block/deepslate",
		"5": "mca:block/golden_slanted_headstone"
	},
	"elements": [
		{
			"from": [0, 2.13236, 1.92284],
			"to": [16, 4.13236, 13.92284],
			"rotation": {"angle": -22.5, "axis": "x", "origin": [8, 2.26014, 9.3488]},
			"faces": {
				"north": {"uv": [7, 13, 15, 14], "rotation": 180, "texture": "#5"},
				"east": {"uv": [0, 0, 1, 6], "rotation": 270, "texture": "#5"},
				"south": {"uv": [15, 12, 7, 13], "texture": "#5"},
				"west": {"uv": [8, 6, 9, 12], "rotation": 90, "texture": "#5"},
				"up": {"uv": [1, 0, 9, 6], "rotation": 180, "texture": "#5"},
				"down": {"uv": [0, 6, 8, 12], "texture": "#5"}
			}
		},
		{
			"from": [1, 0, 9],
			"to": [15, 4, 13],
			"rotation": {"angle": 0, "axis": "y", "origin": [8, 2.26014, 9.3488]},
			"faces": {
				"north": {"uv": [0, 14, 7, 15.5], "texture": "#5"},
				"east": {"uv": [7, 14, 9, 15.5], "texture": "#5"},
				"south": {"uv": [7, 14, 0, 15.5], "texture": "#5"},
				"west": {"uv": [7, 14, 9, 15.5], "texture": "#5"},
				"up": {"uv": [0, 12, 7, 14], "texture": "#5"},
				"down": {"uv": [0, 12, 7, 14], "texture": "#5"}
			}
		}
	],
	"groups": [
		{
			"name": "tomb",
			"origin": [8, 8, 8],
			"color": 0,
			"children": [0, 1]
		}
	]
}
