{
    "parent": "item/generated",
    "textures": {
        "layer0": "mca:item/villager_tracker_16"
    },
    "overrides": [
        { "predicate": { "angle": 0.000000 }, "model": "mca:item/villager_tracker" },
        { "predicate": { "angle": 0.015625 }, "model": "mca:item/villager_tracker_17" },
        { "predicate": { "angle": 0.046875 }, "model": "mca:item/villager_tracker_18" },
        { "predicate": { "angle": 0.078125 }, "model": "mca:item/villager_tracker_19" },
        { "predicate": { "angle": 0.109375 }, "model": "mca:item/villager_tracker_20" },
        { "predicate": { "angle": 0.140625 }, "model": "mca:item/villager_tracker_21" },
        { "predicate": { "angle": 0.171875 }, "model": "mca:item/villager_tracker_22" },
        { "predicate": { "angle": 0.203125 }, "model": "mca:item/villager_tracker_23" },
        { "predicate": { "angle": 0.234375 }, "model": "mca:item/villager_tracker_24" },
        { "predicate": { "angle": 0.265625 }, "model": "mca:item/villager_tracker_25" },
        { "predicate": { "angle": 0.296875 }, "model": "mca:item/villager_tracker_26" },
        { "predicate": { "angle": 0.328125 }, "model": "mca:item/villager_tracker_27" },
        { "predicate": { "angle": 0.359375 }, "model": "mca:item/villager_tracker_28" },
        { "predicate": { "angle": 0.390625 }, "model": "mca:item/villager_tracker_29" },
        { "predicate": { "angle": 0.421875 }, "model": "mca:item/villager_tracker_30" },
        { "predicate": { "angle": 0.453125 }, "model": "mca:item/villager_tracker_31" },
        { "predicate": { "angle": 0.484375 }, "model": "mca:item/villager_tracker_00" },
        { "predicate": { "angle": 0.515625 }, "model": "mca:item/villager_tracker_01" },
        { "predicate": { "angle": 0.546875 }, "model": "mca:item/villager_tracker_02" },
        { "predicate": { "angle": 0.578125 }, "model": "mca:item/villager_tracker_03" },
        { "predicate": { "angle": 0.609375 }, "model": "mca:item/villager_tracker_04" },
        { "predicate": { "angle": 0.640625 }, "model": "mca:item/villager_tracker_05" },
        { "predicate": { "angle": 0.671875 }, "model": "mca:item/villager_tracker_06" },
        { "predicate": { "angle": 0.703125 }, "model": "mca:item/villager_tracker_07" },
        { "predicate": { "angle": 0.734375 }, "model": "mca:item/villager_tracker_08" },
        { "predicate": { "angle": 0.765625 }, "model": "mca:item/villager_tracker_09" },
        { "predicate": { "angle": 0.796875 }, "model": "mca:item/villager_tracker_10" },
        { "predicate": { "angle": 0.828125 }, "model": "mca:item/villager_tracker_11" },
        { "predicate": { "angle": 0.859375 }, "model": "mca:item/villager_tracker_12" },
        { "predicate": { "angle": 0.890625 }, "model": "mca:item/villager_tracker_13" },
        { "predicate": { "angle": 0.921875 }, "model": "mca:item/villager_tracker_14" },
        { "predicate": { "angle": 0.953125 }, "model": "mca:item/villager_tracker_15" },
        { "predicate": { "angle": 0.984375 }, "model": "mca:item/villager_tracker" }
    ]
}
