{
  "redHeart": {
    "u": 80,
    "v": 0,
    "x": 20,
    "y": 120
  },
  "blackHeart": {
    "u": 96,
    "v": 0,
    "x": 20,
    "y": 120
  },
  "goldHeart": {
    "u": 112,
    "v": 0,
    "x": 20,
    "y": 120
  },
  "genes": {
    "u": 176,
    "v": 0,
    "x": 45,
    "y": 145
  },
  "happyEmerald": {
    "u": 192,
    "v": 0,
    "x": 45,
    "y": 120
  },
  "neutralEmerald": {
    "u": 208,
    "v": 0,
    "x": 45,
    "y": 120
  },
  "sadEmerald": {
    "u": 224,
    "v": 0,
    "x": 45,
    "y": 120
  },
  "married": {
    "u": 16,
    "v": 0,
    "x": 20,
    "y": 145
  },
  "engaged": {
    "u": 64,
    "v": 0,
    "x": 20,
    "y": 145
  },
  "marriedToPlayer": {
    "u": 0,
    "v": 0,
    "x": 20,
    "y": 145
  },
  "notMarried": {
    "u": 0,
    "v": 16,
    "x": 20,
    "y": 145
  },
  "widow": {
    "u": 48,
    "v": 16,
    "x": 20,
    "y": 145
  },
  "promised": {
    "u": 64,
    "v": 16,
    "x": 20,
    "y": 145
  },
  "parents": {
    "u": 32,
    "v": 0,
    "x": 20,
    "y": 170
  },
  "gift": {
    "u": 48,
    "v": 0,
    "x": 45,
    "y": 170
  },
  "analysis": {
    "u": 32,
    "v": 16,
    "x": 45,
    "y": 120
  },
  "deceased": {
    "u": 16,
    "v": 16,
    "x": 0,
    "y": 0
  }
}
